-- phpMyAdmin SQL Dump
-- version 5.0.2
-- https://www.phpmyadmin.net/
--
-- Host: 127.0.0.1:3306
-- Generation Time: Nov 05, 2021 at 07:16 PM
-- Server version: 5.7.31
-- PHP Version: 7.3.21

SET SQL_MODE = "NO_AUTO_VALUE_ON_ZERO";
START TRANSACTION;
SET time_zone = "+00:00";


/*!40101 SET @OLD_CHARACTER_SET_CLIENT=@@CHARACTER_SET_CLIENT */;
/*!40101 SET @OLD_CHARACTER_SET_RESULTS=@@CHARACTER_SET_RESULTS */;
/*!40101 SET @OLD_COLLATION_CONNECTION=@@COLLATION_CONNECTION */;
/*!40101 SET NAMES utf8mb4 */;

--
-- Database: `hms`
--

-- --------------------------------------------------------

--
-- Table structure for table `admin`
--

DROP TABLE IF EXISTS `admin`;
CREATE TABLE IF NOT EXISTS `admin` (
  `id` int(11) NOT NULL AUTO_INCREMENT,
  `username` varchar(255) NOT NULL,
  `password` varchar(255) NOT NULL,
  `updationDate` varchar(255) NOT NULL,
  PRIMARY KEY (`id`)
) ENGINE=InnoDB AUTO_INCREMENT=2 DEFAULT CHARSET=latin1;

--
-- Dumping data for table `admin`
--

INSERT INTO `admin` (`id`, `username`, `password`, `updationDate`) VALUES
(1, 'admin', 'Test@12345', '28-12-2016 11:42:05 AM');

-- --------------------------------------------------------

--
-- Table structure for table `appointment`
--

DROP TABLE IF EXISTS `appointment`;
CREATE TABLE IF NOT EXISTS `appointment` (
  `id` int(11) NOT NULL AUTO_INCREMENT,
  `doctorSpecialization` varchar(255) DEFAULT NULL,
  `doctorId` int(11) DEFAULT NULL,
  `userId` int(11) DEFAULT NULL,
  `consultancyFees` int(11) DEFAULT NULL,
  `appointmentDate` varchar(255) DEFAULT NULL,
  `appointmentTime` varchar(255) DEFAULT NULL,
  `postingDate` timestamp NULL DEFAULT CURRENT_TIMESTAMP,
  `userStatus` int(11) DEFAULT NULL,
  `doctorStatus` int(11) DEFAULT NULL,
  `updationDate` timestamp NULL DEFAULT NULL ON UPDATE CURRENT_TIMESTAMP,
  PRIMARY KEY (`id`)
) ENGINE=InnoDB AUTO_INCREMENT=6 DEFAULT CHARSET=latin1;

--
-- Dumping data for table `appointment`
--

INSERT INTO `appointment` (`id`, `doctorSpecialization`, `doctorId`, `userId`, `consultancyFees`, `appointmentDate`, `appointmentTime`, `postingDate`, `userStatus`, `doctorStatus`, `updationDate`) VALUES
(3, 'Demo test', 7, 6, 600, '2019-06-29', '9:15 AM', '2019-06-23 18:31:28', 1, 0, '0000-00-00 00:00:00'),
(4, 'Ayurveda', 5, 5, 8050, '2019-11-08', '1:00 PM', '2019-11-05 10:28:54', 1, 1, '0000-00-00 00:00:00'),
(5, 'Dermatologist', 9, 7, 500, '2019-11-30', '5:30 PM', '2019-11-10 18:41:34', 1, 0, '2019-11-10 18:48:30');

-- --------------------------------------------------------

--
-- Table structure for table `doctors`
--

DROP TABLE IF EXISTS `doctors`;
CREATE TABLE IF NOT EXISTS `doctors` (
  `id` int(11) NOT NULL AUTO_INCREMENT,
  `specilization` varchar(255) DEFAULT NULL,
  `doctorName` varchar(255) DEFAULT NULL,
  `address` longtext,
  `docFees` varchar(255) DEFAULT NULL,
  `contactno` bigint(11) DEFAULT NULL,
  `docEmail` varchar(255) DEFAULT NULL,
  `password` varchar(255) DEFAULT NULL,
  `creationDate` timestamp NULL DEFAULT CURRENT_TIMESTAMP,
  `updationDate` timestamp NULL DEFAULT NULL ON UPDATE CURRENT_TIMESTAMP,
  PRIMARY KEY (`id`)
) ENGINE=InnoDB AUTO_INCREMENT=10 DEFAULT CHARSET=latin1;

--
-- Dumping data for table `doctors`
--

INSERT INTO `doctors` (`id`, `specilization`, `doctorName`, `address`, `docFees`, `contactno`, `docEmail`, `password`, `creationDate`, `updationDate`) VALUES
(1, 'Dentist', 'Anuj', 'New Delhi', '500', 8285703354, 'anuj.lpu1@gmail.com', 'f925916e2754e5e03f75dd58a5733251', '2016-12-29 06:25:37', '2019-06-30 12:11:05'),
(2, 'Homeopath', 'Sarita Pandey', 'Varanasi', '600', 2147483647, 'sarita@gmail.com', 'f925916e2754e5e03f75dd58a5733251', '2016-12-29 06:51:51', '0000-00-00 00:00:00'),
(3, 'General Physician', 'Nitesh Kumar', 'Ghaziabad', '1200', 8523699999, 'nitesh@gmail.com', 'f925916e2754e5e03f75dd58a5733251', '2017-01-07 07:43:35', '0000-00-00 00:00:00'),
(4, 'Homeopath', 'Vijay Verma', 'New Delhi', '700', 25668888, 'vijay@gmail.com', 'f925916e2754e5e03f75dd58a5733251', '2017-01-07 07:45:09', '0000-00-00 00:00:00'),
(5, 'Ayurveda', 'Sanjeev', 'Gurugram', '8050', 442166644646, 'sanjeev@gmail.com', 'f925916e2754e5e03f75dd58a5733251', '2017-01-07 07:47:07', '0000-00-00 00:00:00'),
(6, 'General Physician', 'Amrita', 'New Delhi India', '2500', 45497964, 'amrita@test.com', 'f925916e2754e5e03f75dd58a5733251', '2017-01-07 07:52:50', '0000-00-00 00:00:00'),
(7, 'Demo test', 'abc ', 'New Delhi India', '200', 852888888, 'test@demo.com', 'f925916e2754e5e03f75dd58a5733251', '2017-01-07 08:08:58', '2019-06-23 18:17:25'),
(8, 'Ayurveda', 'Test Doctor', 'Xyz Abc New Delhi', '600', 1234567890, 'test@test.com', '202cb962ac59075b964b07152d234b70', '2019-06-23 17:57:43', '2019-06-23 18:06:06'),
(9, 'Dermatologist', 'Anuj kumar', 'New Delhi India 110001', '500', 1234567890, 'anujk@test.com', 'f925916e2754e5e03f75dd58a5733251', '2019-11-10 18:37:47', '2019-11-10 18:38:10');

-- --------------------------------------------------------

--
-- Table structure for table `doctorslog`
--

DROP TABLE IF EXISTS `doctorslog`;
CREATE TABLE IF NOT EXISTS `doctorslog` (
  `id` int(11) NOT NULL AUTO_INCREMENT,
  `uid` int(11) DEFAULT NULL,
  `username` varchar(255) DEFAULT NULL,
  `userip` binary(16) DEFAULT NULL,
  `loginTime` timestamp NULL DEFAULT CURRENT_TIMESTAMP,
  `logout` varchar(255) DEFAULT NULL,
  `status` int(11) DEFAULT NULL,
  PRIMARY KEY (`id`)
) ENGINE=InnoDB AUTO_INCREMENT=21 DEFAULT CHARSET=latin1;

--
-- Dumping data for table `doctorslog`
--

INSERT INTO `doctorslog` (`id`, `uid`, `username`, `userip`, `loginTime`, `logout`, `status`) VALUES
(20, 7, 'test@demo.com', 0x3132372e302e302e3100000000000000, '2021-11-05 17:25:05', NULL, 1);

-- --------------------------------------------------------

--
-- Table structure for table `doctorspecilization`
--

DROP TABLE IF EXISTS `doctorspecilization`;
CREATE TABLE IF NOT EXISTS `doctorspecilization` (
  `id` int(11) NOT NULL AUTO_INCREMENT,
  `specilization` varchar(255) DEFAULT NULL,
  `creationDate` timestamp NULL DEFAULT CURRENT_TIMESTAMP,
  `updationDate` timestamp NULL DEFAULT NULL ON UPDATE CURRENT_TIMESTAMP,
  PRIMARY KEY (`id`)
) ENGINE=InnoDB AUTO_INCREMENT=13 DEFAULT CHARSET=latin1;

--
-- Dumping data for table `doctorspecilization`
--

INSERT INTO `doctorspecilization` (`id`, `specilization`, `creationDate`, `updationDate`) VALUES
(1, 'Gynecologist/Obstetrician', '2016-12-28 06:37:25', '0000-00-00 00:00:00'),
(2, 'General Physician', '2016-12-28 06:38:12', '0000-00-00 00:00:00'),
(3, 'Dermatologist', '2016-12-28 06:38:48', '0000-00-00 00:00:00'),
(4, 'Homeopath', '2016-12-28 06:39:26', '0000-00-00 00:00:00'),
(5, 'Ayurveda', '2016-12-28 06:39:51', '0000-00-00 00:00:00'),
(6, 'Dentist', '2016-12-28 06:40:08', '0000-00-00 00:00:00'),
(7, 'Ear-Nose-Throat (Ent) Specialist', '2016-12-28 06:41:18', '0000-00-00 00:00:00'),
(9, 'Demo test', '2016-12-28 07:37:39', '0000-00-00 00:00:00'),
(10, 'Bones Specialist demo', '2017-01-07 08:07:53', '0000-00-00 00:00:00'),
(11, 'Test', '2019-06-23 17:51:06', '2019-06-23 17:55:06'),
(12, 'Dermatologist', '2019-11-10 18:36:36', '2019-11-10 18:36:50');

-- --------------------------------------------------------

--
-- Table structure for table `nurse`
--

DROP TABLE IF EXISTS `nurse`;
CREATE TABLE IF NOT EXISTS `nurse` (
  `id` int(11) NOT NULL AUTO_INCREMENT,
  `nurse_name` varchar(30) NOT NULL,
  `email` varchar(30) NOT NULL,
  `pass` varchar(65) NOT NULL,
  PRIMARY KEY (`id`)
) ENGINE=MyISAM AUTO_INCREMENT=2 DEFAULT CHARSET=latin1;

--
-- Dumping data for table `nurse`
--

INSERT INTO `nurse` (`id`, `nurse_name`, `email`, `pass`) VALUES
(1, 'test', 'test', 'test');

-- --------------------------------------------------------

--
-- Table structure for table `receptionist`
--

DROP TABLE IF EXISTS `receptionist`;
CREATE TABLE IF NOT EXISTS `receptionist` (
  `id` int(10) UNSIGNED NOT NULL,
  `RecName` varchar(30) NOT NULL,
  `address` varchar(30) NOT NULL,
  `contact` int(11) NOT NULL,
  `Recemail` varchar(30) NOT NULL,
  `password` varchar(100) NOT NULL,
  `creationdate` timestamp(6) NOT NULL,
  `updatedate` timestamp(6) NOT NULL,
  PRIMARY KEY (`id`)
) ENGINE=InnoDB DEFAULT CHARSET=utf8mb4;

--
-- Dumping data for table `receptionist`
--

INSERT INTO `receptionist` (`id`, `RecName`, `address`, `contact`, `Recemail`, `password`, `creationdate`, `updatedate`) VALUES
(1, 'Duncan', '005 NAIROBI', 714757251, 'mulongo25@gmail.com', '7492e2f3053c854d4e8f7e1ca149568c', '2021-11-17 14:55:52.000000', '2021-11-05 14:55:52.000000');

-- --------------------------------------------------------

--
-- Table structure for table `tblcontactus`
--

DROP TABLE IF EXISTS `tblcontactus`;
CREATE TABLE IF NOT EXISTS `tblcontactus` (
  `id` int(11) NOT NULL AUTO_INCREMENT,
  `fullname` varchar(255) DEFAULT NULL,
  `email` varchar(255) DEFAULT NULL,
  `contactno` bigint(12) DEFAULT NULL,
  `message` mediumtext,
  `PostingDate` timestamp NULL DEFAULT CURRENT_TIMESTAMP,
  `AdminRemark` mediumtext,
  `LastupdationDate` timestamp NULL DEFAULT NULL ON UPDATE CURRENT_TIMESTAMP,
  `IsRead` int(11) DEFAULT NULL,
  PRIMARY KEY (`id`)
) ENGINE=InnoDB AUTO_INCREMENT=4 DEFAULT CHARSET=latin1;

--
-- Dumping data for table `tblcontactus`
--

INSERT INTO `tblcontactus` (`id`, `fullname`, `email`, `contactno`, `message`, `PostingDate`, `AdminRemark`, `LastupdationDate`, `IsRead`) VALUES
(1, 'test user', 'test@gmail.com', 2523523522523523, ' This is sample text for the test.', '2019-06-29 19:03:08', 'Test Admin Remark', '2019-06-30 12:55:23', 1),
(2, 'Anuj kumar', 'phpgurukulofficial@gmail.com', 1111111111111111, ' This is sample text for testing.  This is sample text for testing. This is sample text for testing. This is sample text for testing. This is sample text for testing. This is sample text for testing. This is sample text for testing. This is sample text for testing. This is sample text for testing. This is sample text for testing. This is sample text for testing. This is sample text for testing. This is sample text for testing. This is sample text for testing. This is sample text for testing. This is sample text for testing. This is sample text for testing. This is sample text for testing. This is sample text for testing. This is sample text for testing. This is sample text for testing. This is sample text for testing.', '2019-06-30 13:06:50', NULL, NULL, NULL),
(3, 'fdsfsdf', 'fsdfsd@ghashhgs.com', 3264826346, 'sample text   sample text  sample text  sample text  sample text  sample text  sample text  sample text  sample text  sample text  sample text  sample text  sample text  sample text  sample text  sample text  sample text  sample text  sample text  sample text  sample text  sample text  sample text  sample text  ', '2019-11-10 18:53:48', 'vfdsfgfd', '2019-11-10 18:54:04', 1);

-- --------------------------------------------------------

--
-- Table structure for table `tblmedicalhistory`
--

DROP TABLE IF EXISTS `tblmedicalhistory`;
CREATE TABLE IF NOT EXISTS `tblmedicalhistory` (
  `ID` int(10) NOT NULL AUTO_INCREMENT,
  `PatientID` int(10) DEFAULT NULL,
  `BloodPressure` varchar(200) DEFAULT NULL,
  `BloodSugar` varchar(200) NOT NULL,
  `Weight` varchar(100) DEFAULT NULL,
  `Temperature` varchar(200) DEFAULT NULL,
  `MedicalPres` mediumtext,
  `CreationDate` timestamp NOT NULL DEFAULT CURRENT_TIMESTAMP ON UPDATE CURRENT_TIMESTAMP,
  PRIMARY KEY (`ID`)
) ENGINE=InnoDB AUTO_INCREMENT=8 DEFAULT CHARSET=latin1;

--
-- Dumping data for table `tblmedicalhistory`
--

INSERT INTO `tblmedicalhistory` (`ID`, `PatientID`, `BloodPressure`, `BloodSugar`, `Weight`, `Temperature`, `MedicalPres`, `CreationDate`) VALUES
(2, 3, '120/185', '80/120', '85 Kg', '101 degree', '#Fever, #BP high\r\n1.Paracetamol\r\n2.jocib tab\r\n', '2019-11-06 04:20:07'),
(3, 2, '90/120', '92/190', '86 kg', '99 deg', '#Sugar High\r\n1.Petz 30', '2019-11-06 04:31:24'),
(4, 1, '125/200', '86/120', '56 kg', '98 deg', '# blood pressure is high\r\n1.koil cipla', '2019-11-06 04:52:42'),
(5, 1, '96/120', '98/120', '57 kg', '102 deg', '#Viral\r\n1.gjgjh-1Ml\r\n2.kjhuiy-2M', '2019-11-06 04:56:55'),
(6, 4, '90/120', '120', '56', '98 F', '#blood sugar high\r\n#Asthma problem', '2019-11-06 14:38:33'),
(7, 5, '80/120', '120', '85', '98.6', 'Rx\r\n\r\nAbc tab\r\nxyz Syrup', '2019-11-10 18:50:23');

-- --------------------------------------------------------

--
-- Table structure for table `tblpatient`
--

DROP TABLE IF EXISTS `tblpatient`;
CREATE TABLE IF NOT EXISTS `tblpatient` (
  `ID` int(10) NOT NULL AUTO_INCREMENT,
  `Docid` int(10) DEFAULT NULL,
  `PatientName` varchar(200) DEFAULT NULL,
  `PatientContno` bigint(10) DEFAULT NULL,
  `PatientEmail` varchar(200) DEFAULT NULL,
  `PatientGender` varchar(50) DEFAULT NULL,
  `PatientAdd` mediumtext,
  `PatientAge` int(10) DEFAULT NULL,
  `PatientMedhis` mediumtext,
  `CreationDate` timestamp NULL DEFAULT CURRENT_TIMESTAMP,
  `UpdationDate` timestamp NULL DEFAULT NULL ON UPDATE CURRENT_TIMESTAMP,
  `blood_sugar` varchar(30) DEFAULT 'No details yet',
  `temperature` varchar(11) DEFAULT NULL,
  `blood_pressure` varchar(11) DEFAULT NULL,
  PRIMARY KEY (`ID`)
) ENGINE=InnoDB AUTO_INCREMENT=6 DEFAULT CHARSET=latin1;

--
-- Dumping data for table `tblpatient`
--

INSERT INTO `tblpatient` (`ID`, `Docid`, `PatientName`, `PatientContno`, `PatientEmail`, `PatientGender`, `PatientAdd`, `PatientAge`, `PatientMedhis`, `CreationDate`, `UpdationDate`, `blood_sugar`, `temperature`, `blood_pressure`) VALUES
(1, 1, 'Manisha Jha', 4558968789, 'test@gmail.com', 'Female', '\"\"J&K Block J-127, Laxmi Nagar New Delhi', 26, 'She is diabetic patient', '2019-11-04 21:38:06', '2019-11-06 06:48:05', NULL, NULL, NULL),
(2, 5, 'Raghu Yadav', 9797977979, 'raghu@gmail.com', 'Male', 'ABC Apartment Mayur Vihar Ph-1 New Delhi', 39, 'No', '2019-11-05 10:40:13', '2019-11-05 11:53:45', NULL, NULL, NULL),
(3, 7, 'Mansi', 9878978798, 'jk@gmail.com', 'Female', '\"fdghyj', 46, 'No', '2019-11-05 10:49:41', '2019-11-05 11:58:59', NULL, NULL, NULL),
(4, 7, 'Manav Sharma', 9888988989, 'sharma@gmail.com', 'Male', 'L-56,Ashok Nagar New Delhi-110096', 45, 'He is long suffered by asthma', '2019-11-06 14:33:54', '2019-11-06 14:34:31', NULL, NULL, NULL),
(5, 9, 'John', 1234567890, 'john@test.com', 'male', 'Test ', 25, 'THis is sample text for testing.', '2019-11-10 18:49:24', NULL, NULL, NULL, NULL);

-- --------------------------------------------------------

--
-- Table structure for table `userlog`
--

DROP TABLE IF EXISTS `userlog`;
CREATE TABLE IF NOT EXISTS `userlog` (
  `id` int(11) NOT NULL AUTO_INCREMENT,
  `uid` int(11) DEFAULT NULL,
  `username` varchar(255) DEFAULT NULL,
  `userip` binary(16) DEFAULT NULL,
  `loginTime` timestamp NULL DEFAULT CURRENT_TIMESTAMP,
  `logout` varchar(255) DEFAULT NULL,
  `status` int(11) DEFAULT NULL,
  PRIMARY KEY (`id`)
) ENGINE=InnoDB AUTO_INCREMENT=24 DEFAULT CHARSET=latin1;

-- --------------------------------------------------------

--
-- Table structure for table `users`
--

DROP TABLE IF EXISTS `users`;
CREATE TABLE IF NOT EXISTS `users` (
  `id` int(11) NOT NULL AUTO_INCREMENT,
  `fullName` varchar(255) DEFAULT NULL,
  `address` longtext,
  `city` varchar(255) DEFAULT NULL,
  `gender` varchar(255) DEFAULT NULL,
  `email` varchar(255) DEFAULT NULL,
  `password` varchar(255) DEFAULT NULL,
  `regDate` timestamp NULL DEFAULT CURRENT_TIMESTAMP,
  `updationDate` timestamp NULL DEFAULT NULL ON UPDATE CURRENT_TIMESTAMP,
  PRIMARY KEY (`id`),
  KEY `email` (`email`)
) ENGINE=InnoDB AUTO_INCREMENT=8 DEFAULT CHARSET=latin1;

--
-- Dumping data for table `users`
--

INSERT INTO `users` (`id`, `fullName`, `address`, `city`, `gender`, `email`, `password`, `regDate`, `updationDate`) VALUES
(2, 'Sarita pandey', 'New Delhi India', 'Delhi', 'female', 'test@gmail.com', 'f925916e2754e5e03f75dd58a5733251', '2016-12-30 05:34:39', '0000-00-00 00:00:00'),
(3, 'Amit', 'New Delhi', 'New delhi', 'male', 'amit@gmail.com', 'f925916e2754e5e03f75dd58a5733251', '2017-01-07 06:36:53', '0000-00-00 00:00:00'),
(4, 'Rahul Singh', 'New Delhi', 'New delhi', 'male', 'rahul@gmail.com', 'f925916e2754e5e03f75dd58a5733251', '2017-01-07 07:41:14', '0000-00-00 00:00:00'),
(5, 'Amit kumar', 'New Delhi India', 'Delhi', 'male', 'amit12@gmail.com', 'f925916e2754e5e03f75dd58a5733251', '2017-01-07 08:00:26', '0000-00-00 00:00:00'),
(6, 'Test user', 'New Delhi', 'Delhi', 'male', 'tetuser@gmail.com', 'f925916e2754e5e03f75dd58a5733251', '2019-06-23 18:24:53', '2019-06-23 18:36:09'),
(7, 'John', 'USA', 'Newyork', 'male', 'john@test.com', 'f925916e2754e5e03f75dd58a5733251', '2019-11-10 18:40:21', '2019-11-10 18:40:51');
COMMIT;

/*!40101 SET CHARACTER_SET_CLIENT=@OLD_CHARACTER_SET_CLIENT */;
/*!40101 SET CHARACTER_SET_RESULTS=@OLD_CHARACTER_SET_RESULTS */;
/*!40101 SET COLLATION_CONNECTION=@OLD_COLLATION_CONNECTION */;
